date,n1,n2,n3,n4,n5,n6,n7
2020-09-01,292930313537,92930313537,2930313537,30313537,313537,3537,37
2020-09-04,7182226354150,182226354150,2226354150,26354150,354150,4150,50
2020-09-08,6121927303244,121927303244,1927303244,27303244,303244,3244,44
2020-09-11,4151617354650,151617354650,1617354650,17354650,354650,4650,50
2020-09-15,15624272832,5624272832,624272832,24272832,272832,2832,32
2020-09-18,2112225324044,112225324044,2225324044,25324044,324044,4044,44
2020-09-22,893738404349,93738404349,3738404349,38404349,404349,4349,49
2020-09-25,17928384850,7928384850,928384850,28384850,384850,4850,50
2020-09-29,46915222428,6915222428,915222428,15222428,222428,2428,28
2020-10-02,7121626404549,121626404549,1626404549,26404549,404549,4549,49
2020-10-06,45919283444,5919283444,919283444,19283444,283444,3444,44
2020-10-09,461230323334,61230323334,1230323334,30323334,323334,3334,34
2020-10-13,3101319214549,101319214549,1319214549,19214549,214549,4549,49
2020-10-16,14810121741,4810121741,810121741,10121741,121741,1741,41
2020-10-20,8273044464750,273044464750,3044464750,44464750,464750,4750,50
2020-10-23,282021293437,82021293437,2021293437,21293437,293437,3437,37
2020-10-27,291129333944,91129333944,1129333944,29333944,333944,3944,44
2020-10-30,19202331374648,202331374648,2331374648,31374648,374648,4648,48
2020-11-03,571421263449,71421263449,1421263449,21263449,263449,3449,49
2020-11-06,791920263235,91920263235,1920263235,20263235,263235,3235,35
2020-11-10,461827283040,61827283040,1827283040,27283040,283040,3040,40
2020-11-13,34719444849,4719444849,719444849,19444849,444849,4849,49
2020-11-17,6182130313438,182130313438,2130313438,30313438,313438,3438,38
2020-11-20,11172933394042,172933394042,2933394042,33394042,394042,4042,42
2020-11-24,681327414647,81327414647,1327414647,27414647,414647,4647,47
2020-11-27,9153541424546,153541424546,3541424546,41424546,424546,4546,46
2020-12-01,14915182431,4915182431,915182431,15182431,182431,2431,31
2020-12-04,571423244647,71423244647,1423244647,23244647,244647,4647,47
2020-12-08,5131421363743,131421363743,1421363743,21363743,363743,3743,43
2020-12-11,9213033383946,213033383946,3033383946,33383946,383946,3946,46
2020-12-15,142033444549,42033444549,2033444549,33444549,444549,4549,49
2020-12-18,291022313549,91022313549,1022313549,22313549,313549,3549,49
2020-12-22,4293037384344,293037384344,3037384344,37384344,384344,4344,44
2020-12-25,8121630384850,121630384850,1630384850,30384850,384850,4850,50
2020-12-29,8122325294346,122325294346,2325294346,25294346,294346,4346,46
2021-01-01,18212829313249,212829313249,2829313249,29313249,313249,3249,49
2021-01-05,1162124353739,162124353739,2124353739,24353739,353739,3739,39
2021-01-08,4212425262742,212425262742,2425262742,25262742,262742,2742,42
2021-01-12,4121315183050,121315183050,1315183050,15183050,183050,3050,50
2021-01-15,5233135363743,233135363743,3135363743,35363743,363743,3743,43
2021-01-19,23313438404550,313438404550,3438404550,38404550,404550,4550,50
2021-01-22,11212325284143,212325284143,2325284143,25284143,284143,4143,43
2021-01-26,26374244464950,374244464950,4244464950,44464950,464950,4950,50
2021-01-29,9112022333646,112022333646,2022333646,22333646,333646,3646,46
2021-02-02,17242734384248,242734384248,2734384248,34384248,384248,4248,48
2021-02-05,122332353645,22332353645,2332353645,32353645,353645,3645,45
2021-02-09,4121617333644,121617333644,1617333644,17333644,333644,3644,44
2021-02-12,251011142333,51011142333,1011142333,11142333,142333,2333,33
2021-02-16,161221343747,61221343747,1221343747,21343747,343747,3747,47
2021-02-19,151018204042,51018204042,1018204042,18204042,204042,4042,42
2021-02-23,3131420304549,131420304549,1420304549,20304549,304549,4549,49
2021-02-26,11171922273140,171922273140,1922273140,22273140,273140,3140,40
2021-03-02,9293036424649,293036424649,3036424649,36424649,424649,4649,49
2021-03-05,692325313648,92325313648,2325313648,25313648,313648,3648,48
2021-03-09,371622293142,71622293142,1622293142,22293142,293142,3142,42
2021-03-12,5121523283839,121523283839,1523283839,23283839,283839,3839,39
2021-03-16,8152527333944,152527333944,2527333944,27333944,333944,3944,44
2021-03-19,27826304348,7826304348,826304348,26304348,304348,4348,48
2021-03-23,561228293646,61228293646,1228293646,28293646,293646,3646,46
2021-03-26,241624252749,41624252749,1624252749,24252749,252749,2749,49
2021-03-30,12222530373845,222530373845,2530373845,30373845,373845,3845,45
2021-04-02,30323334374549,323334374549,3334374549,34374549,374549,4549,49
2021-04-06,2142425354445,142425354445,2425354445,25354445,354445,4445,45
2021-04-09,1192829313343,192829313343,2829313343,29313343,313343,3343,43
2021-04-13,15161819224447,161819224447,1819224447,19224447,224447,4447,47
2021-04-16,1131927424950,131927424950,1927424950,27424950,424950,4950,50
2021-04-20,7101119223037,101119223037,1119223037,19223037,223037,3037,37
2021-04-23,13411192442,3411192442,411192442,11192442,192442,2442,42
2021-04-27,7111426272936,111426272936,1426272936,26272936,272936,2936,36
2021-04-30,2142730313543,142730313543,2730313543,30313543,313543,3543,43
2021-05-04,1232733394549,232733394549,2733394549,33394549,394549,4549,49
2021-05-07,181721353946,81721353946,1721353946,21353946,353946,3946,46
2021-05-11,14152032353850,152032353850,2032353850,32353850,353850,3850,50
2021-05-14,3181924262745,181924262745,1924262745,24262745,262745,2745,45
2021-05-18,591827323840,91827323840,1827323840,27323840,323840,3840,40
2021-05-21,562531324448,62531324448,2531324448,31324448,324448,4448,48
2021-05-25,691119243846,91119243846,1119243846,19243846,243846,3846,46
2021-05-28,7182240444650,182240444650,2240444650,40444650,444650,4650,50
2021-06-01,6202128384347,202128384347,2128384347,28384347,384347,4347,47
2021-06-04,231628314247,31628314247,1628314247,28314247,314247,4247,47
2021-06-08,191424263742,91424263742,1424263742,24263742,263742,3742,42
2021-06-11,20212533384445,212533384445,2533384445,33384445,384445,4445,45
2021-06-15,281213143643,81213143643,1213143643,13143643,143643,3643,43
2021-06-18,11141524344347,141524344347,1524344347,24344347,344347,4347,47
2021-06-22,7112228334449,112228334449,2228334449,28334449,334449,4449,49
2021-06-25,10131833364547,131833364547,1833364547,33364547,364547,4547,47
2021-06-29,6172223323747,172223323747,2223323747,23323747,323747,3747,47
2021-07-02,6143537404346,143537404346,3537404346,37404346,404346,4346,46
2021-07-06,10142526384150,142526384150,2526384150,26384150,384150,4150,50
2021-07-09,11213233384044,213233384044,3233384044,33384044,384044,4044,44
2021-07-13,261213173648,61213173648,1213173648,13173648,173648,3648,48
2021-07-16,13172426334648,172426334648,2426334648,26334648,334648,4648,48
2021-07-20,2131519383946,131519383946,1519383946,19383946,383946,3946,46
2021-07-23,781321353845,81321353845,1321353845,21353845,353845,3845,45
2021-07-27,5121332364048,121332364048,1332364048,32364048,364048,4048,48
2021-07-30,4121819222544,121819222544,1819222544,19222544,222544,2544,44
2021-08-03,45915243648,5915243648,915243648,15243648,243648,3648,48
2021-08-06,14152443444849,152443444849,2443444849,43444849,444849,4849,49
2021-08-10,14181932353841,181932353841,1932353841,32353841,353841,3841,41
2021-08-13,1141720283238,141720283238,1720283238,20283238,283238,3238,38
2021-08-17,5161833373839,161833373839,1833373839,33373839,373839,3839,39
2021-08-20,262131343945,62131343945,2131343945,31343945,343945,3945,45
2021-08-24,1242629304550,242629304550,2629304550,29304550,304550,4550,50
2021-08-27,9101325414749,101325414749,1325414749,25414749,414749,4749,49
2021-08-31,3112326314250,112326314250,2326314250,26314250,314250,4250,50
2021-09-03,12410273345,2410273345,410273345,10273345,273345,3345,45
2021-09-07,583136414243,83136414243,3136414243,36414243,414243,4243,43
2021-09-10,11283840434548,283840434548,3840434548,40434548,434548,4548,48
2021-09-14,17242733384148,242733384148,2733384148,33384148,384148,4148,48
2021-09-17,361026293545,61026293545,1026293545,26293545,293545,3545,45
2021-09-21,481114153445,81114153445,1114153445,14153445,153445,3445,45
2021-09-24,5132835414950,132835414950,2835414950,35414950,414950,4950,50
2021-09-28,25818233135,5818233135,818233135,18233135,233135,3135,35
2021-10-01,481539404248,81539404248,1539404248,39404248,404248,4248,48
2021-10-05,2101819254248,101819254248,1819254248,19254248,254248,4248,48
2021-10-08,5161921233136,161921233136,1921233136,21233136,233136,3136,36
2021-10-12,7111330384043,111330384043,1330384043,30384043,384043,4043,43
2021-10-15,14172024253848,172024253848,2024253848,24253848,253848,3848,48
2021-10-19,12262832414350,262832414350,2832414350,32414350,414350,4350,50
2021-10-22,2111933444547,111933444547,1933444547,33444547,444547,4547,47
2021-10-26,281014213640,81014213640,1014213640,14213640,213640,3640,40
2021-10-29,151718384148,51718384148,1718384148,18384148,384148,4148,48
2021-11-02,7131830333741,131830333741,1830333741,30333741,333741,3741,41
2021-11-05,2101117193242,101117193242,1117193242,17193242,193242,3242,42
2021-11-09,281617192642,81617192642,1617192642,17192642,192642,2642,42
2021-11-12,46710172744,6710172744,710172744,10172744,172744,2744,44
2021-11-16,56717262942,6717262942,717262942,17262942,262942,2942,42
2021-11-19,1131417252841,131417252841,1417252841,17252841,252841,2841,41
2021-11-23,14172527313234,172527313234,2527313234,27313234,313234,3234,34
2021-11-26,9263035374250,263035374250,3035374250,35374250,374250,4250,50
2021-11-30,47822243049,7822243049,822243049,22243049,243049,3049,49
2021-12-03,7182235374345,182235374345,2235374345,35374345,374345,4345,45
2021-12-07,9161924273440,161924273440,1924273440,24273440,273440,3440,40
2021-12-10,17212732454649,212732454649,2732454649,32454649,454649,4649,49
2021-12-14,3212226284449,212226284449,2226284449,26284449,284449,4449,49
2021-12-17,9141633394649,141633394649,1633394649,33394649,394649,4649,49
2021-12-21,13232627283847,232627283847,2627283847,27283847,283847,3847,47
2021-12-24,3112425293242,112425293242,2425293242,25293242,293242,3242,42
2021-12-28,11122127324349,122127324349,2127324349,27324349,324349,4349,49
2021-12-31,7253035384049,253035384049,3035384049,35384049,384049,4049,49
2022-01-04,781320252648,81320252648,1320252648,20252648,252648,2648,48
2022-01-07,453139424550,53139424550,3139424550,39424550,424550,4550,50
2022-01-11,132425273647,32425273647,2425273647,25273647,273647,3647,47
2022-01-14,24710142134,4710142134,710142134,10142134,142134,2134,34
2022-01-18,2152528303538,152528303538,2528303538,28303538,303538,3538,38
2022-01-21,10142126283650,142126283650,2126283650,26283650,283650,3650,50
2022-01-25,11131820233040,131820233040,1820233040,20233040,233040,3040,40
2022-01-28,37810344347,7810344347,810344347,10344347,344347,4347,47
2022-02-01,9142426293949,142426293949,2426293949,26293949,293949,3949,49
2022-02-04,5151922374647,151922374647,1922374647,22374647,374647,4647,47
2022-02-08,16293234383947,293234383947,3234383947,34383947,383947,3947,47
2022-02-11,1101230333436,101230333436,1230333436,30333436,333436,3436,36
2022-02-15,19262836404248,262836404248,2836404248,36404248,404248,4248,48
2022-02-18,23811123749,3811123749,811123749,11123749,123749,3749,49
2022-02-22,3132627283645,132627283645,2627283645,27283645,283645,3645,45
2022-02-25,241728354446,41728354446,1728354446,28354446,354446,4446,46
2022-03-01,562836404650,62836404650,2836404650,36404650,404650,4650,50
2022-03-04,241418244647,41418244647,1418244647,18244647,244647,4647,47
2022-03-08,10121318252637,121318252637,1318252637,18252637,252637,2637,37
2022-03-11,571222284347,71222284347,1222284347,22284347,284347,4347,47
2022-03-15,371217233840,71217233840,1217233840,17233840,233840,3840,40
2022-03-18,571218262946,71218262946,1218262946,18262946,262946,2946,46
2022-03-22,14162026333648,162026333648,2026333648,26333648,333648,3648,48
2022-03-25,371618273237,71618273237,1618273237,18273237,273237,3237,37
2022-03-29,7173234394547,173234394547,3234394547,34394547,394547,4547,47
2022-04-01,7101829384350,101829384350,1829384350,29384350,384350,4350,50
2022-04-05,14243439434850,243439434850,3439434850,39434850,434850,4850,50
2022-04-08,121415212629,21415212629,1415212629,15212629,212629,2629,29
2022-04-12,35719323450,5719323450,719323450,19323450,323450,3450,50
2022-04-15,161821303237,61821303237,1821303237,21303237,303237,3237,37
2022-04-19,161027424550,61027424550,1027424550,27424550,424550,4550,50
2022-04-22,13142330343642,142330343642,2330343642,30343642,343642,3642,42
2022-04-26,3101531353842,101531353842,1531353842,31353842,353842,3842,42
2022-04-29,891932374648,91932374648,1932374648,32374648,374648,4648,48
2022-05-03,6112224272933,112224272933,2224272933,24272933,272933,2933,33
2022-05-06,361118192841,61118192841,1118192841,18192841,192841,2841,41
2022-05-10,6151819202728,151819202728,1819202728,19202728,202728,2728,28
2022-05-13,2223738394247,223738394247,3738394247,38394247,394247,4247,47
2022-05-17,10353840454748,353840454748,3840454748,40454748,454748,4748,48
2022-05-20,562029424447,62029424447,2029424447,29424447,424447,4447,47
2022-05-24,12263031353945,263031353945,3031353945,31353945,353945,3945,45
2022-05-27,492122273134,92122273134,2122273134,22273134,273134,3134,34
2022-05-31,6132327354450,132327354450,2327354450,27354450,354450,4450,50
2022-06-03,2161721384345,161721384345,1721384345,21384345,384345,4345,45
2022-06-07,6131720283644,131720283644,1720283644,20283644,283644,3644,44
2022-06-10,8141617192224,141617192224,1617192224,17192224,192224,2224,24
2022-06-14,11171825364150,171825364150,1825364150,25364150,364150,4150,50
2022-06-17,1101221303940,101221303940,1221303940,21303940,303940,3940,40
2022-06-21,24522324050,4522324050,522324050,22324050,324050,4050,50
2022-06-24,391719204450,91719204450,1719204450,19204450,204450,4450,50
2022-06-28,8192241424647,192241424647,2241424647,41424647,424647,4647,47
2022-07-01,1111314253647,111314253647,1314253647,14253647,253647,3647,47
2022-07-05,12293335384146,293335384146,3335384146,35384146,384146,4146,46
2022-07-08,7121418464749,121418464749,1418464749,18464749,464749,4749,49
2022-07-12,8111516262940,111516262940,1516262940,16262940,262940,2940,40
2022-07-15,471218294749,71218294749,1218294749,18294749,294749,4749,49
2022-07-19,691719313446,91719313446,1719313446,19313446,313446,3446,46
2022-07-22,191934373949,91934373949,1934373949,34373949,373949,3949,49
2022-07-26,38915212731,8915212731,915212731,15212731,212731,2731,31
2022-07-29,7141718192341,141718192341,1718192341,18192341,192341,2341,41
2022-08-02,451518222832,51518222832,1518222832,18222832,222832,2832,32
2022-08-05,7161933364849,161933364849,1933364849,33364849,364849,4849,49
2022-08-09,16192526273345,192526273345,2526273345,26273345,273345,3345,45
2022-08-12,4102836404447,102836404447,2836404447,36404447,404447,4447,47
2022-08-16,12921323343,2921323343,921323343,21323343,323343,3343,43
2022-08-19,5202633354648,202633354648,2633354648,33354648,354648,4648,48
2022-08-23,9131419374350,131419374350,1419374350,19374350,374350,4350,50
2022-08-26,3112226294648,112226294648,2226294648,26294648,294648,4648,48
2022-08-30,581223394148,81223394148,1223394148,23394148,394148,4148,48
2022-09-02,8172131343739,172131343739,2131343739,31343739,343739,3739,39
2022-09-06,16222830414647,222830414647,2830414647,30414647,414647,4647,47
2022-09-09,121518293236,21518293236,1518293236,18293236,293236,3236,36
2022-09-13,9101432353646,101432353646,1432353646,32353646,353646,3646,46
2022-09-16,2132434394046,132434394046,2434394046,34394046,394046,4046,46
2022-09-20,9101120243148,101120243148,1120243148,20243148,243148,3148,48
2022-09-23,15172124283243,172124283243,2124283243,24283243,283243,3243,43
2022-09-27,10121326293946,121326293946,1326293946,26293946,293946,3946,46
2022-09-30,9143637384048,143637384048,3637384048,37384048,384048,4048,48
2022-10-04,10182122374046,182122374046,2122374046,22374046,374046,4046,46
2022-10-07,7232831323940,232831323940,2831323940,31323940,323940,3940,40
2022-10-11,3193336394042,193336394042,3336394042,36394042,394042,4042,42
2022-10-14,2242731404346,242731404346,2731404346,31404346,404346,4346,46
2022-10-18,12142325394044,142325394044,2325394044,25394044,394044,4044,44
2022-10-21,192535414350,92535414350,2535414350,35414350,414350,4350,50
2022-10-25,361923262843,61923262843,1923262843,23262843,262843,2843,43
2022-10-28,12172930384050,172930384050,2930384050,30384050,384050,4050,50
2022-11-01,2232734434649,232734434649,2734434649,34434649,434649,4649,49
2022-11-04,482527323334,82527323334,2527323334,27323334,323334,3334,34
2022-11-08,471418264042,71418264042,1418264042,18264042,264042,4042,42
2022-11-11,5233435464750,233435464750,3435464750,35464750,464750,4750,50
2022-11-15,9121322253547,121322253547,1322253547,22253547,253547,3547,47
2022-11-18,351117264249,51117264249,1117264249,17264249,264249,4249,49
2022-11-22,2101218192134,101218192134,1218192134,18192134,192134,2134,34
2022-11-25,36710253037,6710253037,710253037,10253037,253037,3037,37
2022-11-29,17819323839,7819323839,819323839,19323839,323839,3839,39
2022-12-02,491418243045,91418243045,1418243045,18243045,243045,3045,45
2022-12-06,12314171941,2314171941,314171941,14171941,171941,1941,41
2022-12-09,2182022344348,182022344348,2022344348,22344348,344348,4348,48
2022-12-13,12131431353950,131431353950,1431353950,31353950,353950,3950,50
2022-12-16,6222542434548,222542434548,2542434548,42434548,434548,4548,48
2022-12-20,38920223650,8920223650,920223650,20223650,223650,3650,50
2022-12-23,7172022313648,172022313648,2022313648,22313648,313648,3648,48
2022-12-27,561316313235,61316313235,1316313235,16313235,313235,3235,35
2022-12-30,6263237383946,263237383946,3237383946,37383946,383946,3946,46
2023-01-03,9253234374650,253234374650,3234374650,34374650,374650,4650,50
2023-01-06,7142024354050,142024354050,2024354050,24354050,354050,4050,50
2023-01-10,10161833343745,161833343745,1833343745,33343745,343745,3745,45
2023-01-13,3161723353747,161723353747,1723353747,23353747,353747,3747,47
2023-01-17,1256163045,256163045,56163045,6163045,163045,3045,45
2023-01-20,9161719303849,161719303849,1719303849,19303849,303849,3849,49
2023-01-24,10202529354245,202529354245,2529354245,29354245,354245,4245,45
2023-01-27,45913293035,5913293035,913293035,13293035,293035,3035,35
2023-01-31,261623404148,61623404148,1623404148,23404148,404148,4148,48
2023-02-03,7101517253945,101517253945,1517253945,17253945,253945,3945,45
2023-02-07,1132630374250,132630374250,2630374250,30374250,374250,4250,50
2023-02-10,6162223282934,162223282934,2223282934,23282934,282934,2934,34
2023-02-14,9152128313638,152128313638,2128313638,28313638,313638,3638,38
2023-02-17,10122326394145,122326394145,2326394145,26394145,394145,4145,45
2023-02-21,2142631353949,142631353949,2631353949,31353949,353949,3949,49
2023-02-24,1111521354849,111521354849,1521354849,21354849,354849,4849,49
2023-02-28,13824354243,3824354243,824354243,24354243,354243,4243,43
2023-03-03,10142037424446,142037424446,2037424446,37424446,424446,4446,46
2023-03-07,1162628314445,162628314445,2628314445,28314445,314445,4445,45
2023-03-10,18193136384143,193136384143,3136384143,36384143,384143,4143,43
2023-03-14,4151724273241,151724273241,1724273241,24273241,273241,3241,41
2023-03-17,5151722253746,151722253746,1722253746,22253746,253746,3746,46
2023-03-21,7151720324050,151720324050,1720324050,20324050,324050,4050,50
2023-03-24,591423323346,91423323346,1423323346,23323346,323346,3346,46
2023-03-28,591219212249,91219212249,1219212249,19212249,212249,2249,49
2023-03-31,132628364750,32628364750,2628364750,28364750,364750,4750,50
2023-04-04,6152932364548,152932364548,2932364548,32364548,364548,4548,48
2023-04-07,15263441444546,263441444546,3441444546,41444546,444546,4546,46
2023-04-11,451112314344,51112314344,1112314344,12314344,314344,4344,44
2023-04-14,17252830344649,252830344649,2830344649,30344649,344649,4649,49
2023-04-18,571620263036,71620263036,1620263036,20263036,263036,3036,36
2023-04-21,781826334246,81826334246,1826334246,26334246,334246,4246,46
2023-04-25,4192133373839,192133373839,2133373839,33373839,373839,3839,39
2023-04-28,121215353945,21215353945,1215353945,15353945,353945,3945,45
2023-05-02,2122230323536,122230323536,2230323536,30323536,323536,3536,36
2023-05-05,8162224253032,162224253032,2224253032,24253032,253032,3032,32
2023-05-09,18193133354050,193133354050,3133354050,33354050,354050,4050,50
2023-05-12,452026282948,52026282948,2026282948,26282948,282948,2948,48
2023-05-16,11131925284649,131925284649,1925284649,25284649,284649,4649,49
2023-05-19,12133541424447,133541424447,3541424447,41424447,424447,4447,47
2023-05-23,171018232434,71018232434,1018232434,18232434,232434,2434,34
2023-05-26,27912213037,7912213037,912213037,12213037,213037,3037,37
2023-05-30,13141819252938,141819252938,1819252938,19252938,252938,2938,38
2023-06-02,1121621294349,121621294349,1621294349,21294349,294349,4349,49
2023-06-06,471316313239,71316313239,1316313239,16313239,313239,3239,39
2023-06-09,7101231374244,101231374244,1231374244,31374244,374244,4244,44
2023-06-13,12812244445,2812244445,812244445,12244445,244445,4445,45
2023-06-16,11203034414749,203034414749,3034414749,34414749,414749,4749,49
2023-06-20,5102430324348,102430324348,2430324348,30324348,324348,4348,48
2023-06-23,8192129334046,192129334046,2129334046,29334046,334046,4046,46
2023-06-27,192531343538,92531343538,2531343538,31343538,343538,3538,38
2023-06-30,1131926354249,131926354249,1926354249,26354249,354249,4249,49
2023-07-04,292021233243,92021233243,2021233243,21233243,233243,3243,43
2023-07-07,12132832343540,132832343540,2832343540,32343540,343540,3540,40
2023-07-11,5162324314048,162324314048,2324314048,24314048,314048,4048,48
2023-07-14,3112327394448,112327394448,2327394448,27394448,394448,4448,48
2023-07-18,24515294049,4515294049,515294049,15294049,294049,4049,49
2023-07-21,481425284041,81425284041,1425284041,25284041,284041,4041,41
2023-07-25,15161718434448,161718434448,1718434448,18434448,434448,4448,48
2023-07-28,4172628294148,172628294148,2628294148,28294148,294148,4148,48
2023-08-01,2132628304346,132628304346,2628304346,28304346,304346,4346,46
2023-08-04,2111621324447,111621324447,1621324447,21324447,324447,4447,47
2023-08-08,7192234444649,192234444649,2234444649,34444649,444649,4649,49
2023-08-11,782328293137,82328293137,2328293137,28293137,293137,3137,37
2023-08-15,13152029314849,152029314849,2029314849,29314849,314849,4849,49
2023-08-18,172936404250,72936404250,2936404250,36404250,404250,4250,50
2023-08-22,271219384250,71219384250,1219384250,19384250,384250,4250,50
2023-08-25,7121718373845,121718373845,1718373845,18373845,373845,3845,45
2023-08-29,13171922262840,171922262840,1922262840,22262840,262840,2840,40
2023-09-01,171530363746,71530363746,1530363746,30363746,363746,3746,46
2023-09-05,8202326384547,202326384547,2326384547,26384547,384547,4547,47
2023-09-08,15222529303134,222529303134,2529303134,29303134,303134,3134,34
2023-09-12,67912133237,7912133237,912133237,12133237,133237,3237,37
2023-09-15,121127313544,21127313544,1127313544,27313544,313544,3544,44
2023-09-19,471320243048,71320243048,1320243048,20243048,243048,3048,48
2023-09-22,12131926333943,131926333943,1926333943,26333943,333943,3943,43
2023-09-26,371320222547,71320222547,1320222547,20222547,222547,2547,47
2023-09-29,2121926344446,121926344446,1926344446,26344446,344446,4446,46
2023-10-03,171015303447,71015303447,1015303447,15303447,303447,3447,47
2023-10-06,4172023252741,172023252741,2023252741,23252741,252741,2741,41
2023-10-10,561228334147,61228334147,1228334147,28334147,334147,4147,47
2023-10-13,8172023283133,172023283133,2023283133,23283133,283133,3133,33
2023-10-17,271516181925,71516181925,1516181925,16181925,181925,1925,25
2023-10-20,3181921254650,181921254650,1921254650,21254650,254650,4650,50
2023-10-24,4151617232747,151617232747,1617232747,17232747,232747,2747,47
2023-10-27,6172528303436,172528303436,2528303436,28303436,303436,3436,36
2023-10-31,22232526354044,232526354044,2526354044,26354044,354044,4044,44
2023-11-03,57910192440,7910192440,910192440,10192440,192440,2440,40
2023-11-07,461619293144,61619293144,1619293144,19293144,293144,3144,44
2023-11-10,7121516354548,121516354548,1516354548,16354548,354548,4548,48
2023-11-14,9141519454750,141519454750,1519454750,19454750,454750,4750,50
2023-11-17,2232830313337,232830313337,2830313337,30313337,313337,3337,37
2023-11-21,7133034373842,133034373842,3034373842,34373842,373842,3842,42
2023-11-24,2242528363746,242528363746,2528363746,28363746,363746,3746,46
2023-11-28,1182526303439,182526303439,2526303439,26303439,303439,3439,39
2023-12-01,4121522364446,121522364446,1522364446,22364446,364446,4446,46
2023-12-05,34810384347,4810384347,810384347,10384347,384347,4347,47
2023-12-08,891123253234,91123253234,1123253234,23253234,253234,3234,34
2023-12-12,262223283042,62223283042,2223283042,23283042,283042,3042,42
2023-12-15,121315202145,21315202145,1315202145,15202145,202145,2145,45
2023-12-19,23413213538,3413213538,413213538,13213538,213538,3538,38
2023-12-22,8161925303347,161925303347,1925303347,25303347,303347,3347,47
2023-12-26,1111317424549,111317424549,1317424549,17424549,424549,4549,49
2023-12-29,36925303642,6925303642,925303642,25303642,303642,3642,42
2024-01-02,9101629363750,101629363750,1629363750,29363750,363750,3750,50
2024-01-05,361124294550,61124294550,1124294550,24294550,294550,4550,50
2024-01-09,121220242628,21220242628,1220242628,20242628,242628,2628,28
2024-01-12,56718223436,6718223436,718223436,18223436,223436,3436,36
2024-01-16,291014424344,91014424344,1014424344,14424344,424344,4344,44
2024-01-19,11202728323650,202728323650,2728323650,28323650,323650,3650,50
2024-01-23,492531414849,92531414849,2531414849,31414849,414849,4849,49
2024-01-26,7112122242635,112122242635,2122242635,22242635,242635,2635,35
2024-01-30,161218262740,61218262740,1218262740,18262740,262740,2740,40
2024-02-02,791418223242,91418223242,1418223242,18223242,223242,3242,42
2024-02-06,10162129424450,162129424450,2129424450,29424450,424450,4450,50
2024-02-09,581632364142,81632364142,1632364142,32364142,364142,4142,42
2024-02-13,13161829353649,161829353649,1829353649,29353649,353649,3649,49
2024-02-16,4192934414446,192934414446,2934414446,34414446,414446,4446,46
2024-02-20,142324314048,42324314048,2324314048,24314048,314048,4048,48
2024-02-23,8162428404147,162428404147,2428404147,28404147,404147,4147,47
2024-02-27,14182225344046,182225344046,2225344046,25344046,344046,4046,46
2024-03-01,15172332384647,172332384647,2332384647,32384647,384647,4647,47
2024-03-05,24725334349,4725334349,725334349,25334349,334349,4349,49
2024-03-08,13619213347,3619213347,619213347,19213347,213347,3347,47
2024-03-12,3152021232434,152021232434,2021232434,21232434,232434,2434,34
2024-03-15,22243133394546,243133394546,3133394546,33394546,394546,4546,46
2024-03-19,3161921244046,161921244046,1921244046,21244046,244046,4046,46
2024-03-22,271928363744,71928363744,1928363744,28363744,363744,3744,44
2024-03-26,21242526314243,242526314243,2526314243,26314243,314243,4243,43
2024-03-29,1141719234248,141719234248,1719234248,19234248,234248,4248,48
2024-04-02,11233638424349,233638424349,3638424349,38424349,424349,4349,49
2024-04-05,481824263546,81824263546,1824263546,24263546,263546,3546,46
2024-04-09,452230444650,52230444650,2230444650,30444650,444650,4650,50
2024-04-12,17253035364450,253035364450,3035364450,35364450,364450,4450,50
2024-04-16,15192228343646,192228343646,2228343646,28343646,343646,3646,46
2024-04-19,671415283942,71415283942,1415283942,15283942,283942,3942,42
2024-04-23,7141726293839,141726293839,1726293839,26293839,293839,3839,39
2024-04-26,232336384048,32336384048,2336384048,36384048,384048,4048,48
2024-04-30,581821233148,81821233148,1821233148,21233148,233148,3148,48
2024-05-03,351620313438,51620313438,1620313438,20313438,313438,3438,38
2024-05-07,3223243464748,223243464748,3243464748,43464748,464748,4748,48
2024-05-10,241428293043,41428293043,1428293043,28293043,293043,3043,43
2024-05-14,10151827283243,151827283243,1827283243,27283243,283243,3243,43
2024-05-17,5132728324550,132728324550,2728324550,28324550,324550,4550,50
2024-05-21,1467344046,467344046,67344046,7344046,344046,4046,46
2024-05-24,16911313950,6911313950,911313950,11313950,313950,3950,50
2024-05-28,26921223243,6921223243,921223243,21223243,223243,3243,43
2024-05-31,141819232829,41819232829,1819232829,19232829,232829,2829,29
2024-06-04,561215183437,61215183437,1215183437,15183437,183437,3437,37
2024-06-07,231215323336,31215323336,1215323336,15323336,323336,3336,36
2024-06-11,3303944454749,303944454749,3944454749,44454749,454749,4749,49
2024-06-14,5112931383949,112931383949,2931383949,31383949,383949,3949,49
2024-06-18,17193234374445,193234374445,3234374445,34374445,374445,4445,45
2024-06-21,8123233344647,123233344647,3233344647,33344647,344647,4647,47
2024-06-25,3112840434445,112840434445,2840434445,40434445,434445,4445,45
2024-06-28,151112132333,51112132333,1112132333,12132333,132333,2333,33
2024-07-02,1101116192339,101116192339,1116192339,16192339,192339,2339,39
2024-07-05,261419252744,61419252744,1419252744,19252744,252744,2744,44
2024-07-09,19222933414550,222933414550,2933414550,33414550,414550,4550,50
2024-07-12,67811354144,7811354144,811354144,11354144,354144,4144,44
2024-07-16,10111826364049,111826364049,1826364049,26364049,364049,4049,49
2024-07-19,131718202329,31718202329,1718202329,18202329,202329,2329,29
2024-07-23,4121416273541,121416273541,1416273541,16273541,273541,3541,41
2024-07-26,381529343839,81529343839,1529343839,29343839,343839,3839,39
2024-07-30,141135424549,41135424549,1135424549,35424549,424549,4549,49
2024-08-02,3182628373940,182628373940,2628373940,28373940,373940,3940,40
2024-08-06,7121330384648,121330384648,1330384648,30384648,384648,4648,48
2024-08-09,11162225314144,162225314144,2225314144,25314144,314144,4144,44
2024-08-13,13283034404549,283034404549,3034404549,34404549,404549,4549,49
2024-08-16,571218334050,71218334050,1218334050,18334050,334050,4050,50
2024-08-20,2111221243839,111221243839,1221243839,21243839,243839,3839,39
2024-08-23,45915333742,5915333742,915333742,15333742,333742,3742,42
2024-08-27,4172538414650,172538414650,2538414650,38414650,414650,4650,50
2024-08-30,671014282946,71014282946,1014282946,14282946,282946,2946,46
2024-09-03,461022323950,61022323950,1022323950,22323950,323950,3950,50
2024-09-06,5161820232839,161820232839,1820232839,20232839,232839,2839,39
2024-09-10,5162224313338,162224313338,2224313338,24313338,313338,3338,38
2024-09-13,9121315293041,121315293041,1315293041,15293041,293041,3041,41
2024-09-17,241116252947,41116252947,1116252947,16252947,252947,2947,47
2024-09-20,482632353637,82632353637,2632353637,32353637,353637,3637,37
2024-09-24,1112138404345,112138404345,2138404345,38404345,404345,4345,45
2024-09-27,46816213650,6816213650,816213650,16213650,213650,3650,50
2024-10-01,11122832363841,122832363841,2832363841,32363841,363841,3841,41
2024-10-04,292027404549,92027404549,2027404549,27404549,404549,4549,49
2024-10-08,10111320222748,111320222748,1320222748,20222748,222748,2748,48
2024-10-11,7202433444849,202433444849,2433444849,33444849,444849,4849,49
2024-10-15,8121920263246,121920263246,1920263246,20263246,263246,3246,46
2024-10-18,6121321243047,121321243047,1321243047,21243047,243047,3047,47
2024-10-22,782330323349,82330323349,2330323349,30323349,323349,3349,49
2024-10-25,3152324313347,152324313347,2324313347,24313347,313347,3347,47
2024-10-29,20262829353947,262829353947,2829353947,29353947,353947,3947,47
2024-11-01,7162228303441,162228303441,2228303441,28303441,303441,3441,41
2024-11-05,12922263247,2922263247,922263247,22263247,263247,3247,47
2024-11-08,2162538404144,162538404144,2538404144,38404144,404144,4144,44
2024-11-12,1121324283639,121324283639,1324283639,24283639,283639,3639,39
2024-11-15,271014273235,71014273235,1014273235,14273235,273235,3235,35
2024-11-19,2101618224450,101618224450,1618224450,18224450,224450,4450,50
2024-11-22,46921404243,6921404243,921404243,21404243,404243,4243,43
2024-11-26,20243133364149,243133364149,3133364149,33364149,364149,4149,49
2024-11-29,6172629303949,172629303949,2629303949,29303949,303949,3949,49
2024-12-03,9142126293241,142126293241,2126293241,26293241,293241,3241,41
2024-12-06,8212931373841,212931373841,2931373841,31373841,373841,3841,41
2024-12-10,362230324046,62230324046,2230324046,30324046,324046,4046,46
2024-12-13,2172022323347,172022323347,2022323347,22323347,323347,3347,47
2024-12-17,13162739434550,162739434550,2739434550,39434550,434550,4550,50
2024-12-20,56724272932,6724272932,724272932,24272932,272932,2932,32
2024-12-24,2101516313443,101516313443,1516313443,16313443,313443,3443,43
2024-12-27,261331353739,61331353739,1331353739,31353739,353739,3739,39
2024-12-31,791116172033,91116172033,1116172033,16172033,172033,2033,33
2025-01-03,3101927333738,101927333738,1927333738,27333738,333738,3738,38
2025-01-07,14202124263544,202124263544,2124263544,24263544,263544,3544,44
2025-01-10,121119272836,21119272836,1119272836,19272836,272836,2836,36
2025-01-14,9121325274448,121325274448,1325274448,25274448,274448,4448,48
2025-01-17,10171925283441,171925283441,1925283441,25283441,283441,3441,41
2025-01-21,13152135364247,152135364247,2135364247,35364247,364247,4247,47
2025-01-24,22272935394546,272935394546,2935394546,35394546,394546,4546,46
2025-01-28,3131943464750,131943464750,1943464750,43464750,464750,4750,50
2025-01-31,28916273738,8916273738,916273738,16273738,273738,3738,38
2025-02-04,10141627354050,141627354050,1627354050,27354050,354050,4050,50
2025-02-07,10112021273249,112021273249,2021273249,21273249,273249,3249,49
2025-02-11,181722394546,81722394546,1722394546,22394546,394546,4546,46
2025-02-14,172027303548,72027303548,2027303548,27303548,303548,3548,48
2025-02-18,5131825343644,131825343644,1825343644,25343644,343644,3644,44
2025-02-21,35825293243,5825293243,825293243,25293243,293243,3243,43
2025-02-25,7192030344750,192030344750,2030344750,30344750,344750,4750,50
2025-02-28,461516354344,61516354344,1516354344,16354344,354344,4344,44
2025-03-04,15212635364345,212635364345,2635364345,35364345,364345,4345,45
2025-03-07,4122836384550,122836384550,2836384550,36384550,384550,4550,50
2025-03-11,2101921293540,101921293540,1921293540,21293540,293540,3540,40
2025-03-14,18192227303850,192227303850,2227303850,27303850,303850,3850,50
2025-03-18,4142036384245,142036384245,2036384245,36384245,384245,4245,45
2025-03-21,20263032364048,263032364048,3032364048,32364048,364048,4048,48
2025-03-25,1101636394547,101636394547,1636394547,36394547,394547,4547,47
2025-03-28,7133340444950,133340444950,3340444950,40444950,444950,4950,50
2025-04-01,6182730314348,182730314348,2730314348,30314348,314348,4348,48
2025-04-04,6182240414346,182240414346,2240414346,40414346,414346,4346,46
2025-04-08,10122224314041,122224314041,2224314041,24314041,314041,4041,41
2025-04-11,6232443444950,232443444950,2443444950,43444950,444950,4950,50
2025-04-15,12202127364042,202127364042,2127364042,27364042,364042,4042,42
2025-04-18,1356141834,356141834,56141834,6141834,141834,1834,34
2025-04-22,5192531343848,192531343848,2531343848,31343848,343848,3848,48
2025-04-25,561417314048,61417314048,1417314048,17314048,314048,4048,48
2025-04-29,3111429333845,111429333845,1429333845,29333845,333845,3845,45
2025-05-02,491922233241,91922233241,1922233241,22233241,233241,3241,41
2025-05-06,5131520454849,131520454849,1520454849,20454849,454849,4849,49
2025-05-09,6101617303848,101617303848,1617303848,17303848,303848,3848,48
2025-05-13,10111320244446,111320244446,1320244446,20244446,244446,4446,46
2025-05-16,20222531343746,222531343746,2531343746,31343746,343746,3746,46
2025-05-20,371314202145,71314202145,1314202145,14202145,202145,2145,45
2025-05-23,13192326363947,192326363947,2326363947,26363947,363947,3947,47
2025-05-27,571118264146,71118264146,1118264146,18264146,264146,4146,46
2025-05-30,791824253148,91824253148,1824253148,24253148,253148,3148,48
2025-06-03,6293940424448,293940424448,3940424448,40424448,424448,4448,48
2025-06-06,2589242832,589242832,89242832,9242832,242832,2832,32
2025-06-10,592031374950,92031374950,2031374950,31374950,374950,4950,50
2025-06-13,2283437404647,283437404647,3437404647,37404647,404647,4647,47
2025-06-17,2102536464850,102536464850,2536464850,36464850,464850,4850,50
2025-06-20,14172024424750,172024424750,2024424750,24424750,424750,4750,50
2025-06-24,12732454648,2732454648,732454648,32454648,454648,4648,48
2025-06-27,8121527314247,121527314247,1527314247,27314247,314247,4247,47
2025-07-01,251426333536,51426333536,1426333536,26333536,333536,3536,36
2025-07-04,6142331343542,142331343542,2331343542,31343542,343542,3542,42
2025-07-08,781827384850,81827384850,1827384850,27384850,384850,4850,50
2025-07-11,451034364450,51034364450,1034364450,34364450,364450,4450,50
2025-07-15,34714244143,4714244143,714244143,14244143,244143,4143,43
